Handle,Title,Local image file
aurora-glass-candle-sage-mist,Aurora Glass Candle - Sage Mist,aurora-glass-candle-sage-mist.svg
aurora-glass-candle-coastal-linen,Aurora Glass Candle - Coastal Linen,aurora-glass-candle-coastal-linen.svg
aurora-glass-candle-amber-fig,Aurora Glass Candle - Amber Fig,aurora-glass-candle-amber-fig.svg
aurora-glass-candle-rose-sandalwood,Aurora Glass Candle - Rose Sandalwood,aurora-glass-candle-rose-sandalwood.svg
aurora-glass-candle-midnight-plum,Aurora Glass Candle - Midnight Plum,aurora-glass-candle-midnight-plum.svg
terra-ceramic-candle-cedar-grove,Terra Ceramic Candle - Cedar Grove,terra-ceramic-candle-cedar-grove.svg
terra-ceramic-candle-vanilla-birch,Terra Ceramic Candle - Vanilla Birch,terra-ceramic-candle-vanilla-birch.svg
terra-ceramic-candle-citrus-bloom,Terra Ceramic Candle - Citrus Bloom,terra-ceramic-candle-citrus-bloom.svg
terra-ceramic-candle-lavender-smoke,Terra Ceramic Candle - Lavender Smoke,terra-ceramic-candle-lavender-smoke.svg
terra-ceramic-candle-wild-jasmine,Terra Ceramic Candle - Wild Jasmine,terra-ceramic-candle-wild-jasmine.svg
solstice-reed-diffuser-sea-salt-neroli,Solstice Reed Diffuser - Sea Salt Neroli,solstice-reed-diffuser-sea-salt-neroli.svg
solstice-reed-diffuser-white-tea,Solstice Reed Diffuser - White Tea,solstice-reed-diffuser-white-tea.svg
solstice-reed-diffuser-bergamot-moss,Solstice Reed Diffuser - Bergamot Moss,solstice-reed-diffuser-bergamot-moss.svg
solstice-reed-diffuser-peony-rain,Solstice Reed Diffuser - Peony Rain,solstice-reed-diffuser-peony-rain.svg
solstice-reed-diffuser-spiced-tonka,Solstice Reed Diffuser - Spiced Tonka,solstice-reed-diffuser-spiced-tonka.svg
luna-hand-wash-mineral-water,Luna Hand Wash - Mineral Water,luna-hand-wash-mineral-water.svg
luna-hand-wash-white-sage,Luna Hand Wash - White Sage,luna-hand-wash-white-sage.svg
luna-hand-wash-blush-peony,Luna Hand Wash - Blush Peony,luna-hand-wash-blush-peony.svg
luna-hand-wash-green-mandarin,Luna Hand Wash - Green Mandarin,luna-hand-wash-green-mandarin.svg
luna-hand-wash-cashmere-oud,Luna Hand Wash - Cashmere Oud,luna-hand-wash-cashmere-oud.svg
marina-throw-pillow-harbor-blue,Marina Throw Pillow - Harbor Blue,marina-throw-pillow-harbor-blue.svg
marina-throw-pillow-terracotta-clay,Marina Throw Pillow - Terracotta Clay,marina-throw-pillow-terracotta-clay.svg
marina-throw-pillow-olive-weave,Marina Throw Pillow - Olive Weave,marina-throw-pillow-olive-weave.svg
marina-throw-pillow-sunset-coral,Marina Throw Pillow - Sunset Coral,marina-throw-pillow-sunset-coral.svg
marina-throw-pillow-fog-linen,Marina Throw Pillow - Fog Linen,marina-throw-pillow-fog-linen.svg
atelier-mug-cloud-white,Atelier Mug - Cloud White,atelier-mug-cloud-white.svg
atelier-mug-stone-blue,Atelier Mug - Stone Blue,atelier-mug-stone-blue.svg
atelier-mug-dusty-rose,Atelier Mug - Dusty Rose,atelier-mug-dusty-rose.svg
atelier-mug-forest-clay,Atelier Mug - Forest Clay,atelier-mug-forest-clay.svg
atelier-mug-honey-sand,Atelier Mug - Honey Sand,atelier-mug-honey-sand.svg
canvas-tote-market-stripe,Canvas Tote - Market Stripe,canvas-tote-market-stripe.svg
canvas-tote-olive-shore,Canvas Tote - Olive Shore,canvas-tote-olive-shore.svg
canvas-tote-berry-check,Canvas Tote - Berry Check,canvas-tote-berry-check.svg
canvas-tote-sky-grid,Canvas Tote - Sky Grid,canvas-tote-sky-grid.svg
canvas-tote-sun-wash,Canvas Tote - Sun Wash,canvas-tote-sun-wash.svg
desk-journal-moonstone-gray,Desk Journal - Moonstone Gray,desk-journal-moonstone-gray.svg
desk-journal-botanical-green,Desk Journal - Botanical Green,desk-journal-botanical-green.svg
desk-journal-rose-dune,Desk Journal - Rose Dune,desk-journal-rose-dune.svg
desk-journal-ocean-ink,Desk Journal - Ocean Ink,desk-journal-ocean-ink.svg
desk-journal-golden-hour,Desk Journal - Golden Hour,desk-journal-golden-hour.svg
meadow-soap-set-fresh-basil,Meadow Soap Set - Fresh Basil,meadow-soap-set-fresh-basil.svg
meadow-soap-set-apricot-bloom,Meadow Soap Set - Apricot Bloom,meadow-soap-set-apricot-bloom.svg
meadow-soap-set-pear-nectar,Meadow Soap Set - Pear Nectar,meadow-soap-set-pear-nectar.svg
meadow-soap-set-blue-chamomile,Meadow Soap Set - Blue Chamomile,meadow-soap-set-blue-chamomile.svg
meadow-soap-set-sandal-cream,Meadow Soap Set - Sandal Cream,meadow-soap-set-sandal-cream.svg
woven-table-runner-drift-beige,Woven Table Runner - Drift Beige,woven-table-runner-drift-beige.svg
woven-table-runner-sea-glass,Woven Table Runner - Sea Glass,woven-table-runner-sea-glass.svg
woven-table-runner-ochre-line,Woven Table Runner - Ochre Line,woven-table-runner-ochre-line.svg
woven-table-runner-fern-stripe,Woven Table Runner - Fern Stripe,woven-table-runner-fern-stripe.svg
woven-table-runner-clay-rose,Woven Table Runner - Clay Rose,woven-table-runner-clay-rose.svg
